Indirizzo,Comune,Numero,Note,Civico,Cap,Frazione/Località,Insegna,Categorie
Via del Lagorai,Sover,1,"generi misti, bar - ristorante",30,38068,Piscine di Sover,BAZZANELLA RENATA,"['BAR', 'RISTORANTE']"
Corso Ausugum,Borgo Valsugana,2,esercizio commerciale,48,38051,,CONFEZIONI MONTIBELLER S.R.L.,[]
Largo Dordi,Borgo Valsugana,3,"esercizio commerciale, attività artigianale",8,38051,,FOTOGRAFICA TRINTINAGLIA UMBERTO S.N.C.,[]
,Grigno,4,esercizio commerciale,24,38055,Serafini,BAR SERAFINI DI MINATI RENZO,['BAR']
Via S. Francesco,Riva del Garda,6,,35,38066,,SEMBENINI GINO & FIGLI S.R.L.,[]
Via Nazionale,Lavis,7,,29,38015,Nave San Felice,HOTEL RISTORANTE PIZZERIA “ALLA NAVE”,"['RISTORANTE', 'HOTEL', 'PIZZERIA']"
Via Roma,Lavis,8,,33,38015,,OBRELLI GIOIELLERIA DAL 1929 S.R.L.,[]
Via Roma,Lavis,9,,13,38015,,MACELLERIE TROIER S.A.S. DI TROIER DARIO E C.,[]
Piazza Manci,Lavis,10,esercizio commerciale,5,38015,,NARDELLI TIZIANO,[]
Via Matteotti,Lavis,11,,37,38015,,PASTICCERIA SILVANO DI ANDREOLLI SILVANO& C.,[]
Piazza Manci,Lavis,13,esercizio commerciale,1,38015,,LONA S.N.C. DI LONA ROBERTO & C.,[]
Via Matteotti,Lavis,14,,59,38015,,GADOTTI CALZATURE DI GADOTTI MARCO,['CALZATURE']
Piazza Cesare Battisti,Lavis,15,,4,38015,,BAR LEON D’ORO DI DELLAI LORENA,['BAR']
Via Filzi,Lavis,16,,1,38015,,TURCO CALZATURE DI TURCO CORRADO,['CALZATURE']
Via Filzi,Lavis,17,,1,38015,,FARMACIA ROMANI DOTT. ALBERTO ERRIGO & C. S.N.C.,['FARMACIA']
Piazza Giovanni della Croce,Lavis,18,,,38015,Pressano,FAMIGLIA COOPERATIVA MEZZOLOMBARDO E PRESSANO SOC. COOP.,['BAR']
Viale San Francesco,Riva del Garda,19,,22,38066,,CONFEZIONI DANTI DI PELKAN WILMA & C. S.A.S.,[]
Via Pennella,Pergine Valsugana,20,attività artigianale,32,38057,,DELUGAN GUIDO E GINO S.N.C.,[]
Piazza Prati,Cavareno,21,,27,38011,,FRUTTA E VERDURA SPRINGHETTI GILBERTO,[]
Via Moscabio,Cavareno,22,,2,38011,,LARCHER SPORT,['SPORT']
Piazza Prati,Cavareno,23,,21,38011,,BAR GELATERIA EREDI CAVALLAR DOMENICO,['BAR']
Via Roma,Cavareno,24,,43,38011,,EDICOLA TABACCHI GENETTI ANNAMARIA,['TABACCHI']
Piazza Prati,Cavareno,25,,12,38011,,MERCERIE CATTARINI TIZIANA,[]
Via Roma,Cavareno,26,,49,38011,,ZANI FABIO S.A.S. FERRAMENTA,['FERRAMENTA']
Via Moscabio,Cavareno,27,,19,38011,,LATTERIA SOCIALE CAVARENO,[]
Piazza Municipio,Pergine Valsugana,28,,10,38057,,RISTORANTE AL VOLT DI LABRIOLA MICHELANGELO,['RISTORANTE']
Piazza Manci,Lavis,29,,2,38015,,RISTORANTE PIZZERIA NUOVO CORONA DI PALMIERI TOMMASO,"['RISTORANTE', 'PIZZERIA']"
Piazza Manci,Lavis,30,,6,38015,,BAR ALBERGO CORONA S.N.C. DI PRONER RICCARDA & C.,"['BAR', 'ALBERGO']"
Via Clementi,Lavis,31,esercizio commerciale,47,38015,,SARTORI GIUSEPPE & C. S.N.C. ,[]
Vicolo del Messaggero,Rovereto,33,,10,38068,,TORREFAZIONE CAFFE’ BONTADI,[]
Via Tartarotti,Rovereto,34,, 50/A,38068,,COLORIFICIO LUCIANO CARESIA DI DANIELA CARESIA,[]
Via Mazzini,Rovereto,35,,10,38068,,FARMACIA COBELLI,['FARMACIA']
Piazza Manifattura,Rovereto,36,, 5/6,38068,,BAR MANIFATTURA,['BAR']
Piazza del Podestà,Rovereto,37,,9,38068,,BAR DUE COLONNE,['BAR']
Largo S. Floriano,Rovereto,39,,5,38068,,"PANIFICIO COLLER S.N.C. DI COLLER CLAUDIO, ANDREA & C.",['PANIFICIO']
Via Rialto,Rovereto,40,,39,38068,,CAPPELLERIA BACCA,[]
Via Paganini,Rovereto,41,,17,38068,,BAR-TRATTORIA BELLAVISTA,['BAR']
Via Mercerie,Rovereto,42,, 16/18,38068,,DROGHERIA MICHELI,[]
Via Rialto,Rovereto,43,esercizio commerciale,32,38068,,LAZZERI,[]
Via Valbusa Grande,Rovereto,44,,7,38068,,LOCOS BAR,['BAR']
Piazza Erbe,Rovereto,45,,17,38068,,FARMACIA S. MARCO,['FARMACIA']
Piazza C. Battisti,Rovereto,46,,32,38068,,B. SALVETTI FABBRICA OMBRELLI MERCERIE E MANIFATTURE,[]
Via Roma,Rovereto,47,,47,38068,,MANIFATTURE ZOCCHE LUIGI,[]
Viale della Serraia,Baselga di Piné,48,ristorante bar,3,38042,,RISTORANTE BAR ALBERGO SERRAIA,"['BAR', 'RISTORANTE', 'ALBERGO']"
Corso Roma,Baselga di Piné,49,,3,38042,,BAR TAVOLA CALDA PIZZERIA ALPINO,"['BAR', 'PIZZERIA']"
Via del Fosch,Baselga di Piné,50,ristorante bar,21,38042,,RISTORANTE BAR ALBERGO VILLA ANITA,"['BAR', 'RISTORANTE', 'ALBERGO']"
Via Domenica Targa,Baselga di Piné,51,ristorante bar,1,38042,Montagnaga,RISTORANTE BAR CA’ DEI BOCI,"['BAR', 'RISTORANTE']"
Via Domenica Targa,Baselga di Piné,52,ristorante bar,1,38042,Montagnaga,HOTEL BELVEDERE WELLNESS & FAMILY,"['BAR', 'RISTORANTE', 'HOTEL']"
Corso Roma,Baselga di Piné,53,,61,38042,,BAR PASTI VELOCI GELATERIA PASTICCERIA PINETANA,['BAR']
Via Marconi,Baselga di Piné,54,,11,38042,,SEGHERIA E LEGNAMI DI SIGHEL RENZO,[]
Via Cesare Battisti,Baselga di Piné,55,,49,38042,,MACELLERIA SIGHEL SRL,['MACELLERIA']
Via 4 Novembre,Baselga di Piné,56,,24,38042,Montagnaga,"FAMIGLIA COOPERATIVA ALTOPIANO DI PINE’ SCARL, PUNTO VENDITA",[]
Via Roma,Baselga di Piné,57,,9,38042,,"FAMIGLIA COOPERATIVA ALTOPIANO DI PINE’ SCARL, PUNTO VENDITA",[]
Via della Chiesa,Baselga di Piné,58,, 6/3,38042,Miola,"FAMIGLIA COOPERATIVA ALTOPIANO DI PINE’ SCARL, PUNTO VENDITA",[]
Via dei Piani,Baselga di Piné,59,,54,38042,Faida,"FAMIGLIA COOPERATIVA ALTOPIANO DI PINE’ SCARL, PUNTO VENDITA",[]
Via Cesare Battisti,Baselga di Piné,60,,93,38042,,FARMACIA MORELLI S.N.C. DI MORELLI DOTT. GIUSEPPE & C.,['FARMACIA']
Via Cesare Battisti,Baselga di Piné,61,,86,38042,,ORTOFRUTTA - GRAPPOTECA DI ZANEI GIUSEPPE & C. S.N.C.,[]
Via Pergine,Baselga di Piné,62,,14,38042,Montagnaga,CALZATURE CARLIN,['CALZATURE']
Via Cesare Battisti,Baselga di Piné,63,,121,38042,,RIVENDITA TABACCHI N. 5 DI BROSEGHINI CATERINA,['TABACCHI']
Corso Roma,Baselga di Piné,64,,84,38042,,OTTICI DEFLORIAN MARANGONI DI MARANGONI DONATELLA,[]
Corso Roma,Baselga di Piné,65,,2,38042,,BAZAR IORIATTI LINO & C. S.N.C.,['BAZAR']
,Baselga di Piné,66,,96,38042,Rizzolaga / Campolongo,MINIMERCATO DALSANT GIUSEPPINA & C. SAS,[]
Corso Roma,Baselga di Piné,67,,77,38042,,PANIFICIO ANESI DI ANESI ALESSANDRO,['PANIFICIO']
Corso Roma,Baselga di Piné,68,,34,38042,,MACELLERIA FRANCESCHI ANDREA E C. SNC,['MACELLERIA']
Corso Roma,Baselga di Piné,69,,47,38042,,ORTOFRUTTA ALIMENTARI RAVANELLI RENZO,['ALIMENTARI']
Piazzetta Agostiniani,Trento,70,,1,38122,,COLTELLERIA S. MARCO F.LLI VALENTINI SNC,[]
Via Santa Croce,Trento,71,,16,38122,,ANTICA TRATTORIA AL VOLT DI DANIELA CARESIA,[]
Piazza Fiera,Trento,72,esercizio commerciale,7,38122,,NATURERBE S.N.C.,[]
Via San Marco,Trento,73,,22,38122,,LA CANTINOTA RISTORANTE,['RISTORANTE']
Via Caduti Malga Zonta,Folgaria,74,,7,38064,Passo Coe,OSTERIA COE DI PLOTEGHER CHRITIAN,[]
Via E. Colpi,Folgaria,75,bar,52,38064,,JOHN CLUB SAS DI SCHÖNSBERG GIOVANNI & C.,['BAR']
Via Martinella,Folgaria,76,,53,38064,Serrada,RISTORANTE BAR HOTEL MARTINELLA DI PLOTEGHER STEFANO,"['BAR', 'RISTORANTE', 'HOTEL']"
Via E. Colpi,Folgaria,77,,108,38064,,RISTORANTE BAR ALBERGO TOMASI DI TOMASI MASSIMILIANO,"['BAR', 'RISTORANTE', 'ALBERGO']"
Via E. Colpi,Folgaria,78,,131,38064,,CASALINGHI MARTINO S.A.S. DI PERGHER GELMI BRUNA E FIGLI,[]
Via L. Cadorna,Folgaria,79,,27,38064,,RISTORANTE ALBERGO MILANO DI CAPPELLETTI PAOLA,"['RISTORANTE', 'ALBERGO']"
Via E. Colpi,Folgaria,80,,61,38064,,BAR PASTICCERIA DALSASS DI CUEL SILVANA & C. SNC,['BAR']
Via Pasubio,Folgaria,81,,26,38064,Serrada,BAR CENTRALE DI CANALIA LUISA,['BAR']
Via E. Colpi,Folgaria,82,,233,38064,,PIZZERIA SCOIATTOLO CENTER SERVICE DI COROTTI GIANDARLO & C. SAS,['PIZZERIA']
Via E. Colpi,Folgaria,83,,127,38064,,ORTOFRUTTA GASPEROTTI FULVIO,[]
Via Roma,Folgaria,84,,85,38064,,ORTOFRUTTA VENERI PAOLO,[]
Via E. Colpi,Folgaria,85,,9,38064,,MINIMARKET TARGHER S.A.S. DI TARGHER MAURO & C.,[]
Via Nazioni Unite,Folgaria,86,,40,38064,Costa,PANIFICIO BARBETTI GUIDO DI BARBETTI BRUNO & C. S.N.C.,"['BAR', 'PANIFICIO']"
Via E. Colpi,Folgaria,87,,170,38064,,RISTORANTE HOTEL ALPINO S.R.L.,"['RISTORANTE', 'HOTEL']"
Via E. Colpi,Folgaria,88,,343,38064,,RISTORANTE LOCANDA DA UGO DI LEITEMPERGHER ETTORE,['RISTORANTE']
Via G. Carducci,Folgaria,89,,45,38064,Carbonare,BAZAR TABACCHI PEROTTO LUCIA ASSUNTA,"['TABACCHI', 'BAZAR']"
Via E. Colpi,Folgaria,90,,143,38064,,FOTO OTTICA PLOTEGHER ALCIDE,[]
Via A. Manzoni,Folgaria,91,,14,38064,Carbonare,MINIMARKET SCALZERI GIANNA,[]
Via E. Colpi,Folgaria,92,,1,38064,,ANTICA MACELLERIA E SALUMERIA CAPPELLETTI DI CAPPELLETTI ANDREA,['MACELLERIA']
Via E. Colpi,Folgaria,93,,21,38064,,NEGOZIO MARIAROSA DI FESTI GIUSTINO,[]
Via E. Colpi,Folgaria,94,,171,38064,,MACELLERIA CANALIA MAURO,['MACELLERIA']
,Folgaria,95,,160,38064,Fondo Grande,BAR RISTORANTE CONCA D’ORO DI GEROLA FIORENZO,"['BAR', 'RISTORANTE']"
Via L. Nazionale,Folgaria,96,,49,38064,San Sebastiano,RISTORANTE BAR ALBERGO AL SOLE DI ALICE E MARIANNA DALPRA’ SNC,"['BAR', 'RISTORANTE', 'ALBERGO']"
Via Roma,Folgaria,97,, 71/73,38064,,EDICOLA RIVENDITA TABACCHI N° 3 DI WEGHER PAOLO,['TABACCHI']
Via E. Colpi,Folgaria,98,,135,38064,,MILLE COSE SNC DI PLOTEGHER MAURO E MICHELA & C.,[]
Via Mercerie,Rovereto,99,, 7-9,38068,,SPECIALITA’ ALIMENTARI DI PAOLO E GIANNI ALIMENTARI FINAROLLI DI GILBERTI PAOLO & C. S.N.C.,['ALIMENTARI']
Via Paoli,Rovereto,100,esercizio commerciale, 18/B,38048,,LUIGI ALDRIGHETTONI DI ALDRIGHETTONI GIOVANNI BATTISTA,[]
Via Benaco,Torbole sul Garda,101,,35,38033,,RISTORANTE  BAR BENACO di NODARI GIOVANNI & C. S.A.S.,"['BAR', 'RISTORANTE']"
Piazza Municipio,Pergine Valsugana,102,,4,38057,,CAFFE’ ALEXANDER BERNARDI GIORGIO & C. SNC,[]
Piazza Municipio,Pergine Valsugana,103,esercizio commerciale,20,38057,,OCHNER LUIGI,[]
Via Al Ponte,Pergine Valsugana,104,,4,38057,,BAR AL PONTE di TARGA MATTEO,['BAR']
,Lavarone,106,,105,38046,Gionghi,PANIFICIO BERTOLDI S.N.C. DI BERTOLDI FABIO & C.,['PANIFICIO']
Piazza Milano,Lavarone,107,ristorante bar,2,38046,,CERVO S.N.C. DI MARCHESI CARLO & F.LLI,"['BAR', 'RISTORANTE']"
,Lavarone,108,,96,38046,Gionghi,PICCOLO BAZAR DI GIONGO MARIO,['BAZAR']
Via Trieste,Lavarone,109,esercizio commerciale,18,38046,,STENGHELE FRATELLI S.N.C. DI STENGHELE FRANCESCO GINO & C.,[]
Via Trieste,Lavarone,110,,32,38046,,RISTORANTE BAR HOTEL DU LAC DI GABRIELLI ANDREA & C. S.A.S.,"['BAR', 'RISTORANTE', 'HOTEL']"
,Lavarone,111,,5,38046,Bertoldi,FAMIGLIA COOPERATIVA LAVARONE S.C.A.R.L.,[]
Via Piave,Pergine Valsugana,113,esercizio commerciale,6,38057,,DALSASSO EUGENIO,[]
Via Chimelli,Pergine Valsugana,114,,18,38057,,A.B. INTIMO DI BRUNELLI SILVANA E EVANGELISTI LUIGINO S.N.C.,[]
Viale Venezia,Pergine Valsugana,115,ristorante,37,38057,,LA ROTONDA DI BETTI MARCO & C. S.N.C.,['RISTORANTE']
Corso Roma,Baselga di Piné,116,,72,38042,,GIOIELLERIA ANDREATTA SAS DI ANDREATTA ALESSANDRO & C.,[]
Piazza Pasi,Trento,117,,20,38122,,FARMACIA DE BATTAGLIA,['FARMACIA']
Via Calepina,Trento,119,,63,38122,,MOSER CICLI,[]
Via San Vigilio,Trento,120,,7,38122,,FOTO CINE LA ROTONDA,[]
Piazza Filzi,Rovereto,121,,21,38068,,FARMACIA DOTT. SANTONI,['FARMACIA']
Viale Dante,Tione di Trento,122,,50,38079,,OREFICERIA FRANCO GOTTARDI,[]
,Lavarone,123,,57,38046,Bertoldi,BAR BELEM DI BERTOLDI FRANCA,['BAR']
Piazza Milano,Lavarone,124,bar,6,38046, Cappella,BAR ALBERGO NAZIONALE DI PACE ENLI & C. SNC,"['BAR', 'ALBERGO']"
Piazza Milano,Lavarone,125,,6,38046, Cappella,TABACCHI PACE ENLI,['TABACCHI']
Via Marconi,Lavarone,126,,5,38046, Cappella,CASEIFICIO DEGLI ALTIPIANI E DEL VEZZENA S.C.A.,[]
Via S. Bernardino,Arco,127,,2,38062,,FOTO EMANUELLI,[]
Via Vergolano,Arco,128,,16,38062,,BAZAR DEL POPOLO,['BAZAR']
Via Segantini,Arco,130,,78,38062,,MANIFATTURE LOMBARDE,['BAR']
Via Segantini,Arco,131,,105,38062,,CALZATURE GIULIANI,['CALZATURE']
Via S. Bernardino,Arco,132,,9,38062,,ALIMENTARI TRENTI,['ALIMENTARI']
Piazza 3 Novembre,Arco,133,,6,38062,,ZAMBONI TESSUTI,[]
Via Ferrera,Arco,134,,22,38062,,RISTORANTE HOTEL MARCHI,"['RISTORANTE', 'HOTEL']"
Via Vergolano,Arco,135,,8,38062,,RISTORANTE ALLA LEGA,['RISTORANTE']
Via Serafini,Arco,136,,2,38062,,RISTORANTE BELVEDERE,['RISTORANTE']
Via Cavour,Trento,137,,23,38122,,PANIFICIO PULIN SAS,['PANIFICIO']
Via del Foro,Tione di Trento,138,,14,38079,,ANTICA MACELLERIA BALLARDINI,['MACELLERIA']
Viale Dante,Tione di Trento,139,,5,38079,,CARTOLIBRERIA B. ANTOLINI,[]
Via del Moleta,Cinte Tesino,140,esercizio commerciale,8,38050,,DI FLORIO MARIA TERESA,[]
Piazza San Felice,Mori,141,,12,38065, Valle San Felice,FAMIGLIA COOEPRATIVA VALLE SAN FELICE,[]
Piazza Cal Di Ponte,Mori,142,,15,38065,,ABBIGLIAMENTO MAGANOTTI MARIA GRAZIA,[]
Via del Garda,Mori,143,,1,38065, Loppio,TRATTORIA - BAR AL LAGO,['BAR']
Largo Villanuova,Mori,144,,32,38065,,FABBRICA RETI E MATERIASSI MENEGHELLI,[]
Via Modena,Mori,145,,51,38065,,LA BOTTEGA DI GARUFFO LIA,[]
Via Modena,Mori,146,,35,38065,,VINERIA – BAR BAROLDI,['BAR']
Piazza Cal Di Ponte,Mori,147,,16,38065,,BAR SANI,['BAR']
Via Monte Baldo,Mori,148,, 6/A,38065,,FORGIATURA MARCHIORI,[]
Piazza Cal Di Ponte,Mori,149,,4,38065,,FERRAMENTA MALFATTI,['FERRAMENTA']
Via Matteotti,Mori,150,,96,38065,,OFFICINA BOMBARDELLI,['BAR']
Piazza Cal Di Ponte,Mori,151,,28,38065,,EDICOLA CARTOLERIA PERINI,[]
Via Modena,Mori,152,,2,38065,,ALIMENTARI MIORELLI,['ALIMENTARI']
Via Garibaldi,Mori,153,,3,38065,,CAFFE’ DEL GELSO,[]
Via Modena,Mori,154,,1,38065,,MACELLERIA TRANQUILLINI,['MACELLERIA']
Via Malfatti,Mori,155,,6,38065,,FARMACIA S. STEFANO,['FARMACIA']
Via Don  Sturzo,Mori,156,,6,38065,,SUPERMARKET ZENI,[]
Via Modena,Mori,157,,65,38065,,LAVANDERIA LA RINNOVA,[]
Piazza Cal Di Ponte,Mori,158,,32,38065,,PANIFICIO SARTORI,['PANIFICIO']
Piazza Concei,Ledro,159,,3,38067, Bezzecca,BAR RISTORANTE ALBERGO ALLA COSTA,"['BAR', 'RISTORANTE', 'ALBERGO']"
Via Garibaldi,Ledro,160,,63,38067, Tiarno di Sotto,BAR RISTORANTE ALBERGO ALLA PERLA,"['BAR', 'RISTORANTE', 'ALBERGO']"
Via Cassoni,Ledro,161,,16,38067, Pieve di Ledro,BAR RISTORANTE ALBERGO ALPINO,"['BAR', 'RISTORANTE', 'ALBERGO']"
Via G. Marconi,Ledro,162,, 11/A,38067, Tiarno di Sopra,BAR RISTORANTE ALBERGO CASAVECCHIA,"['BAR', 'RISTORANTE', 'ALBERGO']"
Via XXIV Ottobre,Ledro,163,,9,38067, Bezzecca,BAR RISTORANTE ALBERGO MAGGIORINA,"['BAR', 'RISTORANTE', 'ALBERGO']"
Piazza Milin,Ledro,164,,1,38067, Tiarno di Sopra,BAR RISTORANTE ALBERGO VITTORIA,"['BAR', 'RISTORANTE', 'ALBERGO']"
Via G. Marconi,Ledro,165,,93,38067, Tiarno di Sopra,BAR POSTA,['BAR']
Piazza Garibaldi,Ledro,166,,7,38067,Bezzecca,CAFFÈ BAR CENTRALE,['BAR']
Via Alzer,Ledro,167,,7,38067, Pieve di Ledro,BAR RISTORANTE PIZZERIA CAMPEGGIO AL LAGO,"['BAR', 'RISTORANTE', 'PIZZERIA']"
Via Maffei,Ledro,168,,3,38067,Molina di Ledro,CASARI FERRAMENTA,['FERRAMENTA']
Via Maffei,Ledro,169,,77,38067,Molina di Ledro,OFFICINA MECCANICA DISTRIBUTORE MAZZOLA,[]
Via Nuova,Ledro,170,,8,38067, Pieve di Ledro,OFFICINA MECCANICA DISTRIBUTORE PELLEGRINI,[]
Via III Giugno,Ledro,171,,3,38067, Lenzumo,BAR RISTORANTE ECO AMBIENTI HOTEL ELDA,"['BAR', 'RISTORANTE', 'HOTEL']"
Via Vittoria,Ledro,172,,11,38067, Pieve di Ledro,FARMACIA FOLETTO,['FARMACIA']
Via Unità d’Italia,Ledro,173,,25,38067, Lenzumo,BAR RISTORANTE HOTEL CADRIA,"['BAR', 'RISTORANTE', 'HOTEL']"
Via Pribram,Ledro,174,,1,38067, Pieve di Ledro,BAR RISTORANTE HOTEL LIDO,"['BAR', 'RISTORANTE', 'HOTEL']"
Via Lungolago,Ledro,175,, 4/6,38067, Mezzolago,BAR RISTORANTE HOTEL MEZZOLAGO,"['BAR', 'RISTORANTE', 'HOTEL']"
Via Vittoria,Ledro,176,,22,38067, Pieve di Ledro,LA BOTTEGA DELL’ARTIGIANO,[]
Via XXI Luglio,Ledro,177,,8,38067,Bezzecca,MACELLERIA CIS MASSIMO,['MACELLERIA']
Piazza Obbedisco,Ledro,178,,13,38067,Bezzecca,MACELLERIA ZECCHINI,['MACELLERIA']
Via Vittoria,Ledro,179,,28,38067, Pieve di Ledro,OSTERIA LA TORRE,[]
Via C. Battisti,Ledro,180,,5,38067,Bezzecca,PANIFICIO F.LLI TOMASONI S.A.S.,['PANIFICIO']
Località al Faggio,Ledro,181,rifugio escursionistico,,38067, Concei,RIFUGIO AL FAGGIO,[]
Via Vittorio Emanuele,Ledro,182,,65,38067, Tiarno di Sopra,RIBAGA SELF SERVICE,[]
Piaz De Sotegrava,Moena,183,,17,38035,,BAR RISTORANTE FALORIA,"['BAR', 'RISTORANTE']"
Cort Del Batesta,Moena,184,,10,38035,,CASABELLA IDEE REGALO,[]
Piaz De Ramon,Moena,185,,1,38035,,ARTICOLI DA REGALO LIBRERIA CROCE MARIA CRISTINA,[]
Strada Cerilo Dellantonio Bora,Moena,186,esercizio commerciale,4,38035,,EN SLUCK,[]
Strada Cerilo Dellantonio Bora,Moena,187,,2,38035,,FARMACIA DOTT. RIGONI,['FARMACIA']
Strada De Fachin,Moena,188,,1,38035,,BAR HOTEL CAVALLETTO,"['BAR', 'HOTEL']"
Strada De Sen Pelegrin,Moena,189,,1,38035,,BAR HOTEL MARIA,"['BAR', 'HOTEL']"
Piaz De Ramon,Moena,190,,62,38035,,IELLICI SPORT CALZATURE,"['CALZATURE', 'SPORT']"
Piaz De Ramon,Moena,191,,48,38035,,MODE SPORT,['SPORT']
Sen Pelegrin,Moena,192,,14,38035,,BAR HOTEL MANZONI,"['BAR', 'HOTEL']"
Piaz De Ramon,Moena,193,,32,38035,,BAR RISTORANTE LO SFIZIO,"['BAR', 'RISTORANTE']"
L Vial,Moena,194,,23,38035,,BAR SPORTHOTEL SAN VIGILIO,"['BAR', 'HOTEL', 'SPORT']"
Strada Ermanno Zanoner – Canori,Moena,195,,8,38035,,CALZATURE ZANONER,['CALZATURE']
Via C. A. Martini,Revò,196,,51,38028,,ALIMENTARI MANINFIOR ANITA,['ALIMENTARI']
Via C. A. Martini,Revò,197,,2,38028,,ALIMENTARI SANDRI,['ALIMENTARI']
Piazza S. Maurizio,Revò,198,,,38028, Tregiovo,ALIMENTARI WEGHER GIOVANNA,['ALIMENTARI']
Via C. A. Martini,Revò,199,,19,38028,,BAR ZILLER,['BAR']
Via C. A. Martini,Revò,200,,53,38028,,CALZATURIFICIO ROSSI LUIGI DI ROSSI DIEGO,[]
Via Dei Maurini Bassi,Revò,201,,2,38028,,CASEIFICIO SOCIALE MONTE OZOLO,[]
Via C. A. Martini,Revò,202,,7,38028,,CONFEZIONI ZILLER,[]
Piazza della Madonna Pellegrina,Revò,203,,8,38028,,ELETTROMARTINI,[]
Via C. A. Martini,Revò,204,,45,38028,,FABBRO GENTILINI MAURIZIO,[]
Via J. A. Maffei,Revò,205,,4,38028,,FARMACIA SILVESTRI LUCIANA,['FARMACIA']
Via C. A. Martini,Revò,206,,13,38028,,FERRAMENTA FERRARI GIULIANO,['FERRAMENTA']
Via C. A. Martini,Revò,207,,9,38028,,SALUMIFICIO ARTIGIANALE FLAIM,[]
Via G. Verdi,Revò,208,,13,38028,,BAR RISTORANTE HOTEL REVÒ,"['BAR', 'RISTORANTE', 'HOTEL']"
Via Prai de Mont,Predazzo,209,,10,38037, Bellamonte,ARTICOLI SPORTIVI DI VARESCO MARIO & C. SNC,['SPORT']
Via Trento,Predazzo,210,,27,38037,,FOTO BONINSEGNA,[]
Via Trento,Predazzo,211,,32,38037,,CASALINGHI MORANDINI,[]
Piazza SS. Filippo e Giacomo,Predazzo,212,,9,38037,,CEMIN SPORT,['SPORT']
Via Garibaldi,Predazzo,213,,1,38037,,EL MAMA FERRAMENTA,['FERRAMENTA']
Via C. Battisti,Predazzo,214,,21,38037,,SUPERMERCATO FAMIGLIA COOPERATIVA,[]
Via Roma,Predazzo,215,,26,38037,,CALZATURE GARDENER,['CALZATURE']
Via C. Battisti,Predazzo,217,,2,38037,,MACELLERIA DELLANTONIO,['MACELLERIA']
Via C. Battisti,Predazzo,218,,15,38037,,OREFICERIA TONINI,[]
Piazza SS. Filippo e Giacomo,Predazzo,219,,5,38037,,CALZATURE SEBER SANDRA,['CALZATURE']
Via Prai de Mont,Predazzo,220,,19,38037, Bellamonte,BAR RISTORANTE ALBERGO ANTICO,"['BAR', 'RISTORANTE', 'ALBERGO']"
Via Indipendenza,Predazzo,221,,110,38037,,BAR RISTORANTE ALBERGO MONTANARA,"['BAR', 'RISTORANTE', 'ALBERGO']"
Via Garibaldi,Predazzo,222,,30,38037,,BAR RISTORANTE ALBERGO ROSA,"['BAR', 'RISTORANTE', 'ALBERGO']"
Via Prai de Mont,Predazzo,223,,9,38037, Bellamonte,BAR RISTORANTE ALBERGO STELLA ALPINA,"['BAR', 'RISTORANTE', 'ALBERGO']"
Via Mazzini,Predazzo,224,,76,38037,,BAR RISTORANTE ALBERGO VINELLA,"['BAR', 'RISTORANTE', 'ALBERGO']"
Via IX Novembre,Predazzo,225,,1,38037,,BAR RISTORANTE ALBERGO ANCORA,"['BAR', 'RISTORANTE', 'ALBERGO']"
Corso Degasperi,Predazzo,226,,20,38037,,BAR RISTORANTE ALBERGO BELLARIA,"['BAR', 'RISTORANTE', 'ALBERGO']"
Via Trento,Predazzo,227,,5,38037,,BAR RISTORANTE ALBERGO TOURING,"['BAR', 'RISTORANTE', 'ALBERGO']"
Vicolo del Caorer,Predazzo,228,,11,38037,,BAR CAORER,['BAR']
Via Dante,Predazzo,229,,32,38037,,BAR EL PIRLE,['BAR']
Via Dellagiacoma,Predazzo,230,,5,38037,,CAFFÈ CROCE,[]
,Predazzo,231,,1,38037,Miola,BAR RISTORANTE MIOLA,"['BAR', 'RISTORANTE']"
Via San Giuseppe,Roncegno Terme,233,,19,38050,,RISTORANTE BAR ALBERGO VILLA ROSA,"['BAR', 'RISTORANTE', 'ALBERGO']"
Palace Hotel,Roncegno Terme,234,,1,38050,,RISTORANTE PALACE HOTEL,"['RISTORANTE', 'HOTEL']"
Via Nazionale,Roncegno Terme,235,,20,38050, Marter,BAR RISTORANTE ALBERGO ALLA STAZIONE,"['BAR', 'RISTORANTE', 'ALBERGO']"
Via San Giuseppe,Roncegno Terme,236,,2,38050,,MACELLERIA HOFFER ELISA,['MACELLERIA']
Piazza Montebello,Roncegno Terme,237,,9,38050,,FAMIGLIA COOPERATIVA LAGORAI,[]
Via Battaglione Basseggio,Roncegno Terme,238,,2,38050,,MACELLERIA HOFFER FABRIZIO,['MACELLERIA']
Piazza Achille De Giovanni,Roncegno Terme,239,,,38050,,ALIMENTARI HOFFER NICOLETTA,['ALIMENTARI']
Via San Giuseppe,Roncegno Terme,240,,1,38050,,RISTORANTE ALBERGO GARNÌ VITTORIA,"['RISTORANTE', 'ALBERGO']"
Piazza Dante,Cavalese,241,, 8/9,38033,,CASALINGHI BERTAGNOLLI FERRAMENTA,['FERRAMENTA']
Piazza Scopoli,Cavalese,242,,12,38033,,PASTICCERIA COSE BUONE DA PAOLO,[]
Piazza Verdi,Cavalese,243,,11,38033,,TABARELLI GIORNALI TABACCHI SOUVENIR,"['BAR', 'TABACCHI']"
Piazza Scopoli,Cavalese,244,esercizio commerciale,7,38033,,VIDEO UNO,[]
Via IX Novembre,Cavalese,245,,10,38033,,CORNICI PLASTICOLOR SELLE,[]
Piazza Scopoli,Cavalese,246,,13,38033,,CARTOLIBRERIA SPAZZALI,[]
Via Baldieroni,Cavalese,247,,2,38033,,RISTORANTE HOTEL LA STUA,"['RISTORANTE', 'HOTEL']"
Piazza Venezia,Levico Terme,248,,38,38056,,RISTORANTE VECCHIA FONTANA,['RISTORANTE']
,Levico Terme,249,,49,38056,Vetriolo,BAR MASO AL VETRIOLO VECCHIO,['BAR']
Via Garibaldi,Levico Terme,250,,3,38056,,MACELLERIA DEL CENTRO,['MACELLERIA']
Via Dante,Levico Terme,251,,29,38056,,FARMACIA DE PREZ,['FARMACIA']
Via Della Chiesa di Santa Giuliana,Levico Terme,252,,,38056,,BAR-ALBERGO NAZIONALE,"['BAR', 'ALBERGO']"
Viale Vittorio Emanuele,Levico Terme,253,,22,38056,,RISTORANTE-BAR-ALBERGO GARDEN,"['BAR', 'RISTORANTE', 'ALBERGO']"
Via Regia,Levico Terme,254,,4,38056,,FRIGO PRODOTTI TIPICI,[]
Piazza Venezia,Levico Terme,255,,13,38056,,ALIMENTARI CONCI SAMUELA,['ALIMENTARI']
Viale Vittorio Emanuele,Levico Terme,256,,,38056,,RISTORANTE-BAR-ALBERGO G.H. BELLAVISTA,"['BAR', 'RISTORANTE', 'ALBERGO']"
Viale Stazione,Levico Terme,257,,,38056,,MOBILI ARESE,[]
Via Garibaldi,Levico Terme,258,,69,38056,,FIORERIA OGNIBENI IVANA,[]
Via Regia,Levico Terme,259,,12,38056,,ANTICA FARMACIA ROMANESE,['FARMACIA']
Via Regia,Levico Terme,260,,1,38056,,MERCERIE VERGOT,[]
Via Garibaldi,Levico Terme,261,,66,38056,,CASALINGHI-ELETTRODOMESTICI TADDEI GIULIANO,[]
Via Cavour,Levico Terme,262,,49,38056,,ORTOFRUTTA SCAPIN GIANNI,[]
Via Regia,Levico Terme,263,,19,38056,,LANA MODA,[]
Via Regia,Levico Terme,264,,11,38056,,VIVISPORT S.N.C.,['SPORT']
C.so Centrale,Levico Terme,265,,22,38056,,CONCESSIONARIA BASSETTI,[]
Via Regia,Levico Terme,266,,8,38056,,BAR AL CONTE,['BAR']
Via Dante,Levico Terme,267,,22,38056,,BAR CAMINETTO,['BAR']
Via Garibaldi,Levico Terme,268,,,38056,,RISTORANTE-BAR ANTICA ROSA,"['BAR', 'RISTORANTE']"
Via Guglielmo Marconi,Levico Terme,269,,,38056,,EDICOLA PASSERINI ALBERTO,[]
Via Dante,Levico Terme,270,,8,38056,,BAR LINO,['BAR']
Via Regia,Levico Terme,271,,21,38056,,BAR SERENA,['BAR']
Via Domenico Mons. Caproni,Levico Terme,272,,,38056,,RISTORANTE-BAR SANDRO,"['BAR', 'RISTORANTE']"
Via Dante,Levico Terme,273,,34,38056,,DALSASSO ABBIGLIAMENTO,[]
Via C. Battisti n. 19,Pergine Valsugana,274,esercizio commerciale,,38057,,GIOVANNINI LUISA,[]
Via Nazionale,Imer,275,,169,38050,,BAR - RISTORANTE ALBERGO AL BIVIO,"['BAR', 'RISTORANTE', 'ALBERGO']"
,Imer,276,,9,38050,Pontet,RISTORANTE ALBERGO AL LAGO,"['RISTORANTE', 'ALBERGO']"
Via Casabianca,Imer,277,,1,38050,,B. & B. LEGNO DI BETTEGA GRAZIANO & C. S.N.C.,[]
Via Nazionale,Imer,278,,62,38050,,BAR OBBER,['BAR']
Via Nazionale,Imer,279,,76,38050,,DARIO SPORT DI BETTEGA ROBERTO & C. S.A.S.,['SPORT']
,Imer,280,,11,38050,Giare,FALEGNAMERIA FRATELLI BONINSEGNA SNC,[]
Via Nazionale,Imer,281,,101,38050,,FAMIGLIA COOPERATIVA IMER,[]
Via Nazionale n. 15,Vallelaghi,282,bar - esercizio commerciale,,38070,Padergnone,CANTINOTA,['BAR']
Piazza G. Garibaldi,Riva del Garda,284,esercizio commerciale,8,38066,,FERRAGLIA VITTORIO,[]
Via Gazzoletti,Riva del Garda,285,,23,38066,,OTTICA ARMANI,[]
Via S. Croce ,Trento,286,,57,38122,,FARMACIA S. CHIARA,['FARMACIA']
Piazza Fiera,Trento,287,,13,38122,,BIRRERIA PEDAVENA,[]
Vicolo del Liceo,Trento,288,esercizio commerciale,13,38122,,VIGILIO FRANZINELLI,[]
Via Torre Verde,Trento,289,ristorante,50,38122,,EL MERICAN,['RISTORANTE']
Via Marchetti,Trento,290,,28,38122,,FOTO RENSI,[]
Via degli Orbi,Trento,291,,21,38122,,OROLOGERIA M. GROPPA,[]
Piazza Manci,Trento,292,,8,38122,,FAMIGLIA COOPERATIVA DI POVO,[]
Scala al Convento,Borgo Valsugana,293,,5,38051,,CALZATURE E PELLETTERIE CAPPELLO,['CALZATURE']
Corso Ausugum,Borgo Valsugana,294,,43,38051,,BOTTEGA DEL COLORE,[]
Via Spagolla,Borgo Valsugana,295,esercizio commerciale,5,38051,,VULCANO STORE,[]
Corso Ausugum,Borgo Valsugana,296,esercizio commerciale,12,38051,,ARCOBALENO,[]
Via Temanza,Borgo Valsugana,297,esercizio commerciale,15,38051,,SEGNANA,[]
Piazza Martiri Resistenza,Borgo Valsugana,298,esercizio commerciale,1,38051,,CAMBO,[]
Via B. Venezia,Borgo Valsugana,299,esercizio commerciale,15,38051,,GANARIN,[]
Corso Ausugum,Borgo Valsugana,300,esercizio commerciale, 60 - 66,38051,,BELLUCCO,[]
Corso Ausugum,Borgo Valsugana,301,esercizio commerciale,32,38051,,AGOSTINI,[]
Corso Ausugum,Borgo Valsugana,302,esercizio commerciale,26,38051,,PAGNUSAT,[]
Piazza Dante,Borgo Valsugana,303,,17,38051,,BAR CUSSO,['BAR']
Piazza De Gasperi,Borgo Valsugana,304,,15,38051,,CAFFÈ PASTICCERIA ZITA,[]
Piazza Romani,Borgo Valsugana,305,,7,38051,,BAR MILANO,['BAR']
Piazza Dante,Borgo Valsugana,306,esercizio commerciale,15,38051,,DALSASSO,[]
Corso Ausugum,Borgo Valsugana,307,esercizio commerciale,19,38051,,COMUNELLO,[]
Via Giuseppe Terrabugio,Primiero San Martino di Castrozza,308,,4,38054,Fiera di Primiero,MACELLERIA BAGGETTO,['MACELLERIA']
Via Giuseppe Terrabugio,Primiero San Martino di Castrozza,309,,5,38054,Fiera di Primiero,CALZATURE TAMANINI,['CALZATURE']
Via Guadagnini,Primiero San Martino di Castrozza,310,,28,38054,Fiera di Primiero,FARMACIA ALLA MADONNA,['FARMACIA']
Salita Luigi Negrelli,Primiero San Martino di Castrozza,311,,,38054,Fiera di Primiero,BELLOTTO GIOIELLI,[]
Via San Francesco,Primiero San Martino di Castrozza,312,,,38054,Fiera di Primiero,CANTINA CESARI,[]
Via San Francesco,Primiero San Martino di Castrozza,313,,4,38054,Fiera di Primiero,ARREDAMENTI GUBERT FRANCO,[]
Piazzetta del Dazio,Primiero San Martino di Castrozza,314,,5,38054,Fiera di Primiero,PASTICCERIA GIOVANNA SIMION,[]
Via Giuseppe Terrabugio,Primiero San Martino di Castrozza,315,,40,38054,Fiera di Primiero,SPORTING GAIO,['SPORT']
Via Giuseppe Garibaldi,Primiero San Martino di Castrozza,316,,33,38054,Fiera di Primiero,FOTO OTTICA GILLI,[]
Via San Francesco,Primiero San Martino di Castrozza,317,esercizio commerciale,14,38054,Fiera di Primiero,CREPAZ FLORIO,[]
Viale Piave,Primiero San Martino di Castrozza,318,,9,38054,Fiera di Primiero,RISTORANTE BAR ALBERGO DOLOMITI,"['BAR', 'RISTORANTE', 'ALBERGO']"
Via San Francesco,Primiero San Martino di Castrozza,319,,16,38054,Fiera di Primiero,ORTOFRUTTA MELCHIORI,[]
Piazza Cesare Battisti,Primiero San Martino di Castrozza,320,,9,38054,Fiera di Primiero,BAR AQUILA NERA,['BAR']
Piazza Cesare Battisti,Primiero San Martino di Castrozza,321,,1,38054,Fiera di Primiero,LAVASECCO LA RAPIDA,[]
Via Terrabugio,Primiero San Martino di Castrozza,322,esercizio commerciale,14,38054,Fiera di Primiero,GAUDENZI FRANCESCO,[]
Via Giuseppe Garibaldi,Primiero San Martino di Castrozza,323,,6,38054,Fiera di Primiero,TROTTER CALZATURE,['CALZATURE']
Via Fiume,Primiero San Martino di Castrozza,324,,18,38054,Fiera di Primiero,MACELLERIA GADENZ,['MACELLERIA']
Via Fiume,Primiero San Martino di Castrozza,325,esercizio commerciale,3,38054,Fiera di Primiero,GADENZ SEBASTIANO,[]
Piazza Luigi Negrelli,Primiero San Martino di Castrozza,326,,3,38054,Fiera di Primiero,BAR TABACCHI WEISS,"['BAR', 'TABACCHI']"
Via alla Malga,Pergine Valsugana,327,,11,38057,Susà,BETTY BAR,['BAR']
Via Marconi,Comano Terme,328,,11,38077,Ponte Arche,ARREDI MORELLI,[]
Piazza Mercato,Comano Terme,329,,26,38077,Ponte Arche,PANIFICIO ZANONI,['PANIFICIO']
Via S. Pietro,Trento,330,esercizio commerciale,68,38122,,LEONARDI ANTONIO,[]
Via Malvasia,Trento,331,,103,38122,,RISTORANTE PIZZERIA VESUVIO,"['RISTORANTE', 'PIZZERIA']"
Via Segantini,Arco,332,esercizio commerciale,67,38062,,BERLANDA LA NASCENTE,[]
Via Vergolano,Arco,333,,28,38062,,NEGRI FIORI,[]
Via Segantini,Arco,334,esercizio commerciale,24,38062,,TORBOLI MARCO,[]
Via della Predolcia,Pergine Valsugana,335,pubblico esercizio esercizio commerciale,21,38057,Viarago,ALPINA,[]
Via Mendola,Ronzone,336,,41,38010,,RISTORANTE BAR HOTEL STELLA DELLE ALPI,"['BAR', 'RISTORANTE', 'HOTEL']"
Via Mendola,Ronzone,337,,48,38010,,RISTORANTE BAR HOTEL REGINA DEL BOSCO,"['BAR', 'RISTORANTE', 'HOTEL']"
Via Mendola,Ronzone,338,esercizio commerciale,27,38010,,LA BOTTEGA,[]
Via Cesare Battisti,Sarnonico,339,,2,38011,,SEGHERIA IMBALLAGGI ABRAM SILVIO & C. SNC,[]
,Sarnonico,340,,,38011,Regole,RISTORANTE HOTEL IL FALCHETTO,"['RISTORANTE', 'HOTEL']"
,Sarnonico,341,,,38011,Regole,BAR RISTORANTE REGOLE,"['BAR', 'RISTORANTE']"
Via Cesare Battisti,Sarnonico,342,,8,38011,,DE LUCA FABIO FABBRO,[]
Via Cesare Battisti,Sarnonico,343,,30,38011,,BAR CENTRALE,['BAR']
Via Cesare Battisti,Sarnonico,344,,31,38011,,BAR RISTORANTE PIZZERIA LA RUSTICA,"['BAR', 'RISTORANTE', 'PIZZERIA']"
Via Nazionale,Roncegno,345,,11,38050,Marter,FAMIGLIA COOPERATIVA MARTER,[]
Via A. Pola,Roncegno,346,,1,38050,,CARTOLERIA DI HOFFER LEOPOLDA,[]
Via 3 Novembre,Tione di Trento,347,,19,38079,,PANE LATTE DOLCIUMI DI PAROLARI LUCIANA,[]
Piazza Cooperazione,Romeno,348,,6,38010,,FAMIGLIA COOPERATIVA CONAD,[]
Piazza Romana,Romeno,349,,7,38010,,MACELLERIA ENDRIZZI SERGIO,['MACELLERIA']
Piazza Graiff,Romeno,350,,9,38010,,IL FORNO DE BIASI,[]
Via San Bartolomeo,Romeno,351,,59,38010,,FALEGNAMERIA ROSATI ELIO,[]
Piazza Lampi,Romeno,352,,24,38010,,BAZAR DI FRANCISCI MARIANGELA,['BAZAR']
Via 4 Novembre,Romeno,353,,80,38010,,PIZZERIA ANAUNIA,['PIZZERIA']
Piazza Romana,Romeno,354,,5,38010,,BAR CENTRALE DI CAIO E LORENZA,['BAR']
Via Alla Piena,Romeno,355,,62,38010,,CASEIFICIO SOCIALE,[]
Via Al Castello,Romeno,356,,14,38010, Malgolo,ARTICOLI REGALO SARCLETTI,[]
Via SS. Martiri d’Anaunia,Romeno,357,,2,38010, Salter,LATTONIERE PLAGA MATTEO,[]
Via 4 Novembre,Romeno,358,,53,38010,,MOBILIFICIO FRANCISCI,[]
Via 4 Novembre,Romeno,359,,17,38010,,ROEN MODE DI COGOI LUCA,[]
Piazza Centrale,Nogaredo,360,,10,38060,,OSTARIA DELE STRIE,[]
Via Verdi,Nogaredo,361,,15,38060,,FAMIGLIA COOPERATIVA NOGAREDO,[]
Via Del Ponte,Nogaredo,362,,1,38060,Brancolino,PARISI BRUNA ALIMENTARI,['ALIMENTARI']
Via San Biagio,Nogaredo,363,,12,38060,,MOBILI BETTINI,[]
Via Molini,Nogaredo,364,,7,38060,Molini,BAR TRATTORIA AI MOLINI,['BAR']
Strada Laghi di Lamar,Vallelaghi,365,,31,38070,Terlago,BAR PIZZERIA AI TRE FAGGI,"['BAR', 'PIZZERIA']"
Via E. de Varda,Mezzolombardo,366,,10,38017,,RISTORANTE ALBERGO AL BORGHETTO,"['RISTORANTE', 'ALBERGO']"
Corso Mazzini,Mezzolombardo,367,,49,38017,,BOTTAMEDI CALZATURE,['CALZATURE']
Corso Mazzini,Mezzolombardo,368,,53,38017,,FERRAMENTA TOMASI,['FERRAMENTA']
Corso Mazzini,Mezzolombardo,369,esercizio commerciale,11,38017,,ZENI,[]
Corso Mazzini,Mezzolombardo,370,esercizio commerciale,21,38017,,TAIT,[]
Via Roma,Mezzolombardo,371,,30,38017,,BAZAR TAIT MERCERIE,['BAZAR']
Via De Gasperi,Mezzolombardo,372,,2,38017,,ABBIGLIAMENTO MAURINA,[]
Corso Mazzini,Mezzolombardo,373,,8,38017,,OREFICERIA G. CASNA,[]
Piazza Cassa di Risparmio,Mezzolombardo,374,,6,38017,,TESSUTI MANZATTI,[]
Via 4 Novembre,Mezzolombardo,375,,12,38017,,PESCHERIA ROAT ROMANO,[]
Via A. de Varda,Mezzolombardo,376,,20,38017,,OTTICA PIZZI,[]
Corso Libertà,Mezzolombardo,377, generi di monopolio,15,38017,,WEBER LILIANA,[]
Via De Gasperi,Mezzolombardo,378,esercizio commerciale,40,38017,,TAIT GIUDITTA,[]
Corso Mazzini,Mezzolombardo,379,esercizio commerciale,12,38017,,BOZ GIUSEPPE,[]
Via A. de Varda,Mezzolombardo,380,,9/A,38017,,LA CASA DELLA RADIO,[]
Corso del Popolo,Mezzolombardo,381,esercizio commerciale,5,38017,,FEDRIZZI VIGILIO & C. S.N.C.,[]
Corso del Popolo,Mezzolombardo,382,esercizio commerciale,5,38017,,FEDRIZZI ROSANNA E C. S.N.C.,[]
Via Roma,Molveno,383,,21,38018,,PUNTO CASA,[]
Via Nazionale,Molveno,384,,10,38018,,RISTORANTE ALPOTEL VENEZIA,['RISTORANTE']
P. Marconi,Molveno,385,, 5/a,38018,,FRUTTA VERDURA DI GIORDANI ADELIO,[]
Via Paganella,Molveno,386,,1,38018,,CENTRAL MARKET,[]
Via Lungolago,Molveno,387,,9,38018,,BAR ALBERGO ITALIA,"['BAR', 'ALBERGO']"
Piazza Scuole,Molveno,388,,3,38018,,RISTORANTE HOTEL MIRALAGO,"['RISTORANTE', 'HOTEL']"
Via Nazionale,Molveno,389,,41,38018,,RISTORANTE HOTEL EXCELSIOR,"['RISTORANTE', 'HOTEL']"
Piazza Scuole,Molveno,390,,2,38018,,BAR CRISTALLO,['BAR']
Via Roma,Molveno,391,,6,38018,,ZENI CALZATURE,['CALZATURE']
Via Roma,Molveno,392,,14,38018,,MACELLERIA SPRINGHETTI,['MACELLERIA']
Via Nazionale,Molveno,393,,34,38018,,RISTORANTE HOTEL LONDRA,"['RISTORANTE', 'HOTEL']"
Piazza Scuole,Molveno,394,,7,38018,,RISTORANTE ALEXANDER HOTEL,"['RISTORANTE', 'HOTEL']"
Via Nazionale,Molveno,395,,9,38018,,RISTORANTE HOTEL BELVEDERE,"['RISTORANTE', 'HOTEL']"
Via Nazionale,Molveno,396,,13,38018,,BAR RISTORANTE HOTEL EUROPA,"['BAR', 'RISTORANTE', 'HOTEL']"
Via Belvedere,Molveno,397,,8,38018,,RISTORANTE HOTEL AURORA,"['RISTORANTE', 'HOTEL']"
Via Nazionale,Molveno,398,,45,38018,,RISTORANTE HOTEL PANORAMA,"['RISTORANTE', 'HOTEL']"
Via Bettega,Molveno,399,,18,38018,,RISTORANTE HOTEL MOLVENO,"['RISTORANTE', 'HOTEL']"
Via Lungolago,Molveno,400,,4,38018,,RISTORANTE PIZZERIA AL CAMINETTO,"['RISTORANTE', 'PIZZERIA']"
Via Lungolago,Molveno,401,,15,38018,,RISTORANTE HOTEL GLORIA,"['RISTORANTE', 'HOTEL']"
Via Cesare Battisti,Molveno,402,,6,38018,,RISTORANTE ALBERGO STELLA ALPINA,"['RISTORANTE', 'ALBERGO']"
Piazza S. Carlo,Molveno,403,,3,38018,,CENTRO FOTO OTTICA,[]
,Molveno,404,,,38018,Pradel,RISTORANTE ALBERGO DEL BRENTA,"['RISTORANTE', 'ALBERGO']"
,Molveno,405,,,38018,Pradel,RISTORANTE ALBERGO PRADEL,"['RISTORANTE', 'ALBERGO']"
Piazza San Carlo,Molveno,406,, 11/A,38018,,ANGOLO MODA,[]
Via Galilei,Trento,407,esercizio commerciale,25,38122,,CRONST,[]
Piazza C. Battisti,Cavalese,408,esercizio commerciale,15,38033,,PONTRELLI DI CARLA ZANCANELLA,[]
Via IX Novembre,Cavalese,409,esercizio commerciale,6,38033,,RAFFAELLA,[]
Piazza Dante,Cavalese,410,,6,38033,,CAPPELLERIA BETTA,[]
Piazza Libertà,Trento,411,,14,38121,Gardolo,BAZAR MOSER,['BAZAR']
,Canal San Bovo,412,,7,38050,Ghiaie,MACELLERIA MINIMARKET HIGHLANDER,['MACELLERIA']
,Canal San Bovo,413,,111,38050,Sperandi,BAR RISTORANTE ALBERGO AL PIN,"['BAR', 'RISTORANTE', 'ALBERGO']"
Via Fosse,Canal San Bovo,414,,148,38050,,OSTERIA ALLE FOSSE,[]
,Canal San Bovo,415,,12,38050,Lausen,RISTORANTE ALBERGO LAGORAI,"['RISTORANTE', 'ALBERGO']"
,Canal San Bovo,416,,56,38050,Zortea,RISTORANTE ALBERGO SERENELLA,"['RISTORANTE', 'ALBERGO']"
,Canal San Bovo,417,,141,38050,Fosse,CENTRO SPESA CORONA,[]
Via Zortea,Canal San Bovo,418,, 57/B,38050,,FAMIGLIA COOPERATIVA ZORTEA,[]
Via Roma,Canal San Bovo,419,,17,38050,,FAMIGLIA COOPERATIVA CANAL SAN BOVO,[]
,Canal San Bovo,420,,8,38050,Caseri,FAMIGLIA COOPERATIVA CAORIA,[]
Piazza G. Marconi Loc. Prade,Canal San Bovo,421,,,38050,,FAMIGLIA COOPERATIVA PRADE,[]
Via Marconi,Comano Terme,422,,28,38077,Ponte Arche,FERRAMENTA FEDRIZZI,['FERRAMENTA']
Largo Dordi,Borgo Valsugana,423,,3,38051,,CAFFE’ ROMA,[]
Via IV Novembre,Tesero,424,,18,38038,,BAR RISTORANTE ALBERGO AL CERVO,"['BAR', 'RISTORANTE', 'ALBERGO']"
Via IV Novembre,Tesero,425,,32,38038,,BAR ANCORA,['BAR']
Via Roma,Tesero,426,,78,38038,,CARTOLIBRERIA DEFLORIAN,[]
,Tesero,427,,1,38038,Stava,RISTORANTE HOTEL ERICA,"['RISTORANTE', 'HOTEL']"
Via IV Novembre,Tesero,428,, 21/B,38038,,CALZATURE ZENI SPORT,"['CALZATURE', 'SPORT']"
Via Roma,Tesero,429,,88,38038,,VALENTINO SCARPE,[]
Piazza Nuova,Tesero,430,, 5/B,38038,,EUFORIA INTIMO,[]
Via Roma,Tesero,431,,29,38038,,BAR STELLA,['BAR']
Via Roma,Tesero,432,,29,38038,,CANAL KATIA TABACCHERIA,[]
Via Socce,Tesero,433,,2,38038,,ELETTROSOC DI GILMOZZI ERNESTO,[]
Via Roma,Tesero,434,,24,38038,,MOBILIFICIO SILVIO DELLADIO,[]
Via Cavada,Tesero,435,,6,38038,,FAMIGLIA COOPERATIVA,[]
Piazza General Cantore,Trento,436,,28,38121,,BAR PASTICCERIA MAZZOLENI,['BAR']
Via F.lli Bronzetti,Cavalese,437,,5,38069,,PROFUMERIA BOSCHETTO,[]
Piaza del Malgher,San Giovanni di Fassa-Sèn Jan,438,,1,38036,Pozza di Fassa,L. MALGHER,[]
Strada de Meida,San Giovanni di Fassa-Sèn Jan,439,,78,38036,Pozza di Fassa,LINO SPORT,['SPORT']
Piaza de Salin,San Giovanni di Fassa-Sèn Jan,440,,6,38036,Pozza di Fassa,RISTORANTE ALBERGO RIZZI,"['RISTORANTE', 'ALBERGO']"
Strada Dolomites,San Giovanni di Fassa-Sèn Jan,441,,121,38036,Pozza di Fassa,ELETTROGAS PEDERIVA,[]
Piaza Deodat de Dolomieu,San Giovanni di Fassa-Sèn Jan,442,,4,38036,Pozza di Fassa,PANIFICIO EL PEK,['PANIFICIO']
Piaza de Comun,San Giovanni di Fassa-Sèn Jan,443,,11,38036,Pozza di Fassa,FAMIGLIA COOPERATIVA POZZA DI FASSA,[]
Strada de Meida,San Giovanni di Fassa-Sèn Jan,444,,1,38036,Pozza di Fassa,BAR AL PONTE,['BAR']
Troi Giovanni Francesco Bernard,San Giovanni di Fassa-Sèn Jan,445,,5,38036,Pozza di Fassa,PANIFICIO BERNARD,['PANIFICIO']
Piazza Cioc,Soraga,446,,20,38030,,PANIFICIO BONINSEGNA,['PANIFICIO']
Strada de Pont,Soraga,447,,35,38030,,BAR RISTORANTE HOTEL DE FRONZ,"['BAR', 'RISTORANTE', 'HOTEL']"
Stradone de Fascia,Soraga,448,,6,38030,,BAR RISTORANTE HOTEL AVISIO,"['BAR', 'RISTORANTE', 'HOTEL']"
Stradone de Fascia,Soraga,449,,16,38030,,FAMIGLIA COOPERATIVA SORAGA,[]
Piazza Cioc,Soraga,450,,20,38030,,SPORT BRUNEL,['SPORT']
Stradone de Fascia,Soraga,451,,3,38030,,TABACCHERIA GIULIANI,[]
Strada de Palua,Soraga,452,,2,38030,,BAR RISTORANTE HOTEL ROSALPINA,"['BAR', 'RISTORANTE', 'HOTEL']"
Strada Rezia,San Giovanni di Fassa-Sèn Jan,453,,5,38039,Vigo di Fassa,BAR RISTORANTE HOTEL ROSA,"['BAR', 'RISTORANTE', 'HOTEL']"
Strada de la Piazedela,San Giovanni di Fassa-Sèn Jan,454,,3,38039,Vigo di Fassa,TABACCHI E SOUVENIRS GHETTA FABRIZIO,['TABACCHI']
Strada Roma,San Giovanni di Fassa-Sèn Jan,455,,26,38039,Vigo di Fassa,FOTO SPORT LADIN,['SPORT']
Strada Roma,San Giovanni di Fassa-Sèn Jan,456,,17,38039,Vigo di Fassa,OREFICERIA OROLOGERIA POLLAM,[]
Strada Rezia,San Giovanni di Fassa-Sèn Jan,457,,28,38039,Vigo di Fassa,BAR BIANCO,['BAR']
Strada Daniel Zen,San Giovanni di Fassa-Sèn Jan,458,,9,38039,Vigo di Fassa,MACELLERIA F.LLI PELLEGRIN,['MACELLERIA']
Strada di Molins,San Giovanni di Fassa-Sèn Jan,459,,10,38039,Vigo di Fassa,BAR HOTEL MIRAMONTI,"['BAR', 'HOTEL']"
Strada Dolomites,San Giovanni di Fassa-Sèn Jan,460,,4,38039,Vigo di Fassa,BAR RISTORANTE ACTIVE HOTEL OLYMPIC,"['BAR', 'RISTORANTE', 'HOTEL']"
Strada Dolomites,San Giovanni di Fassa-Sèn Jan,461,,9,38039,Vigo di Fassa,BAR RISTORANTE HOTEL DOLOMITI,"['BAR', 'RISTORANTE', 'HOTEL']"
Strada Rezia,San Giovanni di Fassa-Sèn Jan,462,,11,38039,Vigo di Fassa,TONY SPORT,['SPORT']
Strada de la Piazedela,San Giovanni di Fassa-Sèn Jan,463,,9,38039,Vigo di Fassa,BAR LADIN,['BAR']
Strada de Valongia,San Giovanni di Fassa-Sèn Jan,464,,36,38039,Vigo di Fassa,BAR RISTORANTE HOTEL FONTANA,"['BAR', 'RISTORANTE', 'HOTEL']"
Strada Rezia,San Giovanni di Fassa-Sèn Jan,465,,22,38039,Vigo di Fassa,DA FLORA,[]
Via Roma,San Giovanni di Fassa-Sèn Jan,466,,48,38039,Vigo di Fassa,LA BOTEIGA,[]
Strada Murada,San Giovanni di Fassa-Sèn Jan,467,,3,38039,Vigo di Fassa,BAR ALBERGO BELVEDERE,"['BAR', 'ALBERGO']"
Strada de Solar,San Giovanni di Fassa-Sèn Jan,468,,27,38039,Vigo di Fassa,BAR RISTORANTE HOTEL RENATO,"['BAR', 'RISTORANTE', 'HOTEL']"
Strada Rezia,San Giovanni di Fassa-Sèn Jan,469,,26,38039,Vigo di Fassa,PANIFICIO EL PECH,['PANIFICIO']
Strada Rezia,San Giovanni di Fassa-Sèn Jan,470,,30,38039,Vigo di Fassa,FAMIGLIA COOPERATIVA VIGO DI FASSA,[]
Strada Roma,San Giovanni di Fassa-Sèn Jan,471,,25,38039,Vigo di Fassa,ELECTRO POLLAM,[]
Strada Rezia,San Giovanni di Fassa-Sèn Jan,472,,29,38039,Vigo di Fassa,BAR RISTORANTE HOTEL VAEL,"['BAR', 'RISTORANTE', 'HOTEL']"
Jouf de Ciareja,San Giovanni di Fassa-Sèn Jan,473,,2,38039,Vigo di Fassa,RISTORANTE HOTEL SAVOY,"['RISTORANTE', 'HOTEL']"
,San Giovanni di Fassa-Sèn Jan,474,,3,38039,Vigo di Fassa / Passo Costalunga,SPORT LUCY,['SPORT']
Strada de Pilat,San Giovanni di Fassa-Sèn Jan,475,,9,38039,Vigo di Fassa,LORENZ EMILIO BIBITE,[]
Strada Murada,San Giovanni di Fassa-Sèn Jan,476,,3,38039,Vigo di Fassa,RISTORANTE BAR ALPEN HOTEL CORONA,"['BAR', 'RISTORANTE', 'HOTEL']"
Via Costa,Canazei,477,,103,38032,,BAR RISTORANTE ALBERGO ALPINO AL CAVALLETTO,"['BAR', 'RISTORANTE', 'ALBERGO']"
Via Costa,Canazei,478,,99,38032,Alba di Canazei,RISTORANTE HOTEL ALBA,"['RISTORANTE', 'HOTEL']"
Via Roma,Canazei,479,,25,38032,,BAR RISTORANTE HOTEL BERNARD,"['BAR', 'RISTORANTE', 'HOTEL']"
Strada del Faure,Canazei,480,,18,38032,,BAR RISTORANTE HOTEL ALLA ROSA,"['BAR', 'RISTORANTE', 'HOTEL']"
Via Costa,Canazei,481,,25,38032,,PANIFICIO BONINSEGNA,['PANIFICIO']
Streda de Sella,Canazei,482,,23,38032,,RIFUGIO ESCURSIONISTICO VALENTINI,[]
Strada Pian Trevisan,Canazei,483,,44,38032,,BAR RISTORANTE RIFUGIO VILLETTA MARIA,"['BAR', 'RISTORANTE']"
Via Roma,Canazei,484,,18,38032,,VALERUZ SPORT,['SPORT']
Via Dolomiti,Canazei,485,,81,38032,,CALZATURE ROSSI,['CALZATURE']
Strada del Pordoi,Canazei,486,,132,38032,,BAR RISTORANTE HOTEL COL DI LANA,"['BAR', 'RISTORANTE', 'HOTEL']"
Streda de Costa,Canazei,487,,213,38032,,BAR RISTORANTE ALBERGO MIRAMONTI,"['BAR', 'RISTORANTE', 'ALBERGO']"
Strada del Pordoi,Canazei,488,,76,38032,,RISTORANTE HOTEL PORDOI,"['RISTORANTE', 'HOTEL']"
Via Dolomites,Canazei,489,,80,38032,,RISTORANTE HOTEL DOLOMITI,"['RISTORANTE', 'HOTEL']"
Streda Dolomites,Canazei,490,,193,38032,,BAR GARNÌ INTERNATIONAL,['BAR']
Piazza G. Marconi,Canazei,491,,21,38032,,PROFUMERIA COSTA,[]
Streda do Ruf de Antermont,Canazei,492,,6,38032,,BAR GARNÌ STELLA ALPINA,['BAR']
Via Streda Roma,Canazei,493,,3,38032,,BAR RISTORANTE HOTEL CROCE BIANCA,"['BAR', 'RISTORANTE', 'HOTEL']"
Streda Dolomites,Campitello di Fassa,494,,87,38032,,BAR RISTORANTE HOTEL VILLA ROSA,"['BAR', 'RISTORANTE', 'HOTEL']"
Streda de Morandin,Campitello di Fassa,495,,43,38032,,RISTORANTE SPORT HOTEL ENROSADIRA,"['RISTORANTE', 'HOTEL', 'SPORT']"
Streda Dolomites,Campitello di Fassa,496,,45,38032,,BAR RISTORANTE HOTEL RODODENDRO,"['BAR', 'RISTORANTE', 'HOTEL']"
Piazza Centrale,Campitello di Fassa,497,,,38032,,BAR AGNELLO,['BAR']
Streda Dolomites,Campitello di Fassa,498,,87,38032,,FAMIGLIA COOPERATIVA CAMPITELLO DI FASSA,[]
Via Mazzini Loc. Crosano,Brentonico,499,,97,38060,,BAR RISTORANTE HOTEL MIRAMONTI,"['BAR', 'RISTORANTE', 'HOTEL']"
Via Garibaldi,Brentonico,500,,2,38060,,BAR RISTORANTE ALBERGO NENI,"['BAR', 'RISTORANTE', 'ALBERGO']"
Via Roma,Brentonico,501,,16,38060,,BAR RISTORANTE ALBERGO ZENI,"['BAR', 'RISTORANTE', 'ALBERGO']"
Via Borani Salvotti,Brentonico,502,,2,38060,San Giacomo,RISTORANTE HOTEL S. GIACOMO,"['RISTORANTE', 'HOTEL']"
Via Roma,Brentonico,503,,14,38060,,PANIFICIO TOGNI,['PANIFICIO']
,Brentonico,504,,1,38060,Santa Caterina,PIZZERIA LA PINETA,['PIZZERIA']
Piazza Generale Dalla Chiesa,Brentonico,505,,25,38060,,SAV FORMAGGI,[]
Via Roma,Brentonico,506,,22,38060,,TABACCHERIA RIGO,[]
Via Fabio Filzi,Brentonico,507,,19/a,38060,,PASSERINI CALZATURE,['CALZATURE']
Via Roma,Brentonico,508,,5,38060,,ALIMENTARI ANDREOLLI,['ALIMENTARI']
Via Clemente,Brentonico,509,,1,38060,Castione,ALIMENTARI CANALI,['ALIMENTARI']
Via Roma,Brentonico,510,,49,38060,,BAR COMMERCIO,['BAR']
Via Roberti,Brentonico,511,,3,38060,,FAMIGLIA COOPERATIVA BRENTONICO,[]
Via Mazzini,Brentonico,512,,1,38060,Crosano,FAMIGLIA COOPERATIVA CROSANO,[]
Via 3 Novembre,Brentonico,513,,47,38060,Cornè,FAMIGLIA COOPERATIVA CORNÈ,[]
Via Prof. Vanzetta,Ziano di Fiemme,514,,,38030,,BAR IL BUNKER,['BAR']
Via Alpini,Villa Lagarina,515,,28,38060,,RISTORANTE HOTEL AL PONTE,"['RISTORANTE', 'HOTEL']"
,Villa Lagarina,516,,1,38060,Lago di Cei,BAR RISTORANTE ALBERGO LAGO DI CEI,"['BAR', 'RISTORANTE', 'ALBERGO']"
Via XXV Aprile,Villa Lagarina,517,,10,38060,,BAR ROMA,['BAR']
Via XXV Aprile,Villa Lagarina,518,,28,38060,,FARMACIA DE PROBIZER,['FARMACIA']
Via del Torchio,Villa Lagarina,519,,64,38060,,FAMIGLIA COOPERATIVA DI CASTELLANO,[]
Via Sant’Antonio,Villa Lagarina,520,,,38060,,FAMIGLIA COOPERATIVA DI PEDERSANO,[]
Via XXV Aprile,Villa Lagarina,521,,50,38060,,FAMIGLIA COOPERATIVA VILLA LAGARINA,[]
Via Brigata Abruzzi,Pieve Tesino,522,,4,38050,,TESINO MARKET,[]
Piazza Garibaldi,Pieve Tesino,523,,4,38050,,BAR CENTRALE,['BAR']
Piazza Garibaldi,Pieve Tesino,524,,2,38050,,PUNTO ROSSO ALIMENTARI,['ALIMENTARI']
,Avio,525,,,38063,Madonna della Neve / Valdomenegal,BAR RISTORANTE ALBERGO ALPINO,"['BAR', 'RISTORANTE', 'ALBERGO']"
Viale Alcide De Gasperi,Avio,526,,13,38063,,BAR NUOVO,['BAR']
Via Vignola,Avio,527,,25,38063,,CASEIFICIO SOCIALE SABBIONARA,[]
Piazza Conciliazione,Avio,528,,17,38063,,RIVENDITA FUMANELLI GEDEONE,[]
Via Regina Elena,Avio,529,,18,38063,,PANIFICIO SEGA DIEGO,['PANIFICIO']
Piazza Roma,Avio,530,,5,38063,,FAMIGLIA COOPERATIVA AVIO,[]
Via Venezia,Avio,531,,75,38063,,BAR SPORT,"['BAR', 'SPORT']"
Via General Cantore,Avio,532,,41,38063,,BAR TRATTORIA ALLA STAZIONE,['BAR']
Via Regina Elena,Avio,533,,12,38063,,CADEN CARLO ABBIGLIAMENTO,[]
Via Teatro,Avio,534,,5,38063,,CADEN TENDAGGI,[]
Via S. Antonio,Avio,535,,28,38063,,CONFEZIONI DA IDA,[]
,Avio,536,,,38063,Borghetto,BAR RISTORANTE ALBERGO MONTE BALDO,"['BAR', 'RISTORANTE', 'ALBERGO']"
,Avio,537,,,38063,Madonna della Neve / Valdomenegal,RIFUGIO ESCURSIONISTICO MONTE BALDO,[]
Piazza Roma,Avio,538,,4,38063,,FARMACIA COOPERATIVA,['FARMACIA']
Viale Alcide De Gasperi,Avio,539,,82,38063,,FALEGNAMERIA MABBONI,[]
Via F.lli Bronzetti,Cavalese,540,,27,38033,,DELIZIE WELPONER,[]
Viale Dante,Tione di Trento,541,,42,38079,,FARMACIA BONI,['FARMACIA']
Via Al Ponte,Isera,542,,10,38060,,PANIFICIO MODERNO,['PANIFICIO']
Piazza San Vincenzo,Isera,543,,10,38060,,FAMIGLIA COOPERATIVA DI ISERA,[]
Via Roma,Primiero San Martino di Castrozza,544,,30,38054,Tonadico,RISTORANTE BAR HOTEL TRESSANE,"['BAR', 'RISTORANTE', 'HOTEL']"
Via Roma,Primiero San Martino di Castrozza,545,,26,38054,Tonadico,RISTORANTE PARK HOTEL IRIS,"['RISTORANTE', 'HOTEL']"
Via Roma,Primiero San Martino di Castrozza,546,,8,38054,Tonadico,RISTORANTE HOTEL PRIMIERO,"['RISTORANTE', 'HOTEL']"
Via Roma,Primiero San Martino di Castrozza,547,,2,38054,Tonadico,IL NEGOZIO DEL PANE,[]
Via Roma,Primiero San Martino di Castrozza,548,,2,38054,Tonadico,PANIFICIO CENTRALE DI PRIMIERO,['PANIFICIO']
Via Sorelle Lucian,Primiero San Martino di Castrozza,549,,5,38054,Tonadico,BAR ALBERGO TRE PONTI,"['BAR', 'ALBERGO']"
Via Roma,Primiero San Martino di Castrozza,550,,8,38054,Tonadico,RISTORANTE BAR LANTERNA VERDE,"['BAR', 'RISTORANTE']"
Via Scopoli,Primiero San Martino di Castrozza,551,,43,38054,Tonadico,EDICOLA BAZAR TABACCHI,"['TABACCHI', 'BAZAR']"
Via Scopoli,Primiero San Martino di Castrozza,552,,37,38054,Tonadico,BAR CENTRALE,['BAR']
Via Card. Bernardin,Primiero San Martino di Castrozza,553,,2,38054,Tonadico,NON SOLO PANE,[]
Via Scopoli,Primiero San Martino di Castrozza,554,,40,38054,Tonadico,FAMIGLIA COOPERATIVA DI TONADICO,[]
Piazza San Giorgio,Castello Tesino,555,,3,38053,,OREFICERIA OROLOGERIA MULLER,[]
Via Dante,Castello Tesino,556,,12/A,38053,,FARMACIA RIGONI,['FARMACIA']
Piazza San Giorgio,Castello Tesino,557,,8,38053,,BAR PIZZERIA CROSARA,"['BAR', 'PIZZERIA']"
Piazza San Giorgio,Castello Tesino,558,,5,38053,,BAR ROMA,['BAR']
Via Donato Pelloso,Castello Tesino,559,,13/A,38053,,FAMIGLIA COOPERATIVA DI CASTELLO TESINO,[]
Via Venezia,Castello Tesino,560,,18,38053,,BAR ORATORIO,['BAR']
,Castello Tesino,561,,2,38053,Passo Brocon,RISTORANTE BAR ALBERGO PASSO BROCON “DA S’CIOPO”,"['BAR', 'RISTORANTE', 'ALBERGO']"
Piazza Trento,Castello Tesino,562,,1,38053,,FIORI E VERDURA,[]
Piazza Trento,Castello Tesino,563,,3,38053,,EMPORIO DIEGO ZOTTA,[]
,Castello Tesino,564,,2,38053,Molini,BAR AL PONTE,['BAR']
Via Baili,Castello Tesino,565,,4,38053,,MACELLERIA BOSO,['MACELLERIA']
Via Roma,Castello Tesino,566,,17,38053,,BAR RISTORANTE ALBERGO BELLAVISTA,"['BAR', 'RISTORANTE', 'ALBERGO']"
Piazza Marconi,Castello Tesino,567,,1,38053,,ABBIGLIAMENTO BAILO,[]
Piazza Marconi,Castello Tesino,568,,5,38053,,ALIMENTARI DA CELESTINO,['ALIMENTARI']
Via Terrasanta,Castello Tesino,569,,7,38053,,ALIMENTARI MORANDUZZO,['ALIMENTARI']
Piazza Marconi,Castello Tesino,570,,4,38053,,CAFFÈ MARCONI,[]
Piazza Marconi,Castello Tesino,571,,3,38053,,TABACCHI ZAMPIERO,['TABACCHI']
Piazza Righi,Pinzolo,572,,28,38086,Madonna di Campiglio,CHALET FERRARI,[]
Piazza Righi,Pinzolo,573,,30,38086,Madonna di Campiglio,CHALET FERRARI REGALO,[]
Via Rosmini,Trento,574,,78,38122,,ZANELLA ARREDAMENTI,[]
Via Dante,Levico Terme,575,,7/B,38065,,ALIMENTARI RICCIO STEFANIA,['ALIMENTARI']
Corso Centrale,Levico Terme,576,,38,38065,,ETA BETA DI GRISENTI GIORGIA,[]
Via Dante,Levico Terme,577,,16,38065,,FERRAMENTA CASALINGHI ROSA,['FERRAMENTA']
Via Marchi,Ronchi Valsugana,578,,2,38050,,FAMIGLIA COOPERATIVA LAGORAI,[]
Viale Venezia,Castelnuovo,579,,20,38050,,SIMONETTO CARNI,[]
,Moena,580,,37,38035,Sén Pelegrin,BAR RISTORANTE HOTEL COSTABELLA,"['BAR', 'RISTORANTE', 'HOTEL']"
Strada E. Zanoner Canori,Moena,581,,,38035,,MACELLERIA FELICETTI,['MACELLERIA']
Strenta de Ischiacia,Moena,582,,14,38035,,ELETTRODOMESTICI DE PELLEGRINI,[]
Strada de la Comunità de Fiem,Moena,583,,11,38035,,SEGHERIA ZANONER,[]
Via 3 Novembre,Pomarolo,584,,3,38060,,MACELLERIA FASANELLI,['MACELLERIA']
Via Vittorio Emanuele,Grigno,585,esercizio commerciale,27,38055,,MINATI ROBERTA,[]
Via Nuova,Ledro,586,,6,38067,,BAR RISTORANTE ALBERGO SILVANA,"['BAR', 'RISTORANTE', 'ALBERGO']"
Piazza Sanzio,Trento,587,,9,38122,,EDICOLA TABACCHI SANNICOLÒ GABRIELE,['TABACCHI']
Corso Ausugum,Borgo Valsugana,588,,40,38051,,FARMACIA CENTRALE,['FARMACIA']
Via Padri Morizzo,Borgo Valsugana,589,,20,38051,,SIMONETTO CARNI,[]
Piazza Battisti,Cavalese,590,,12,38033,,FAMIGLIA COOPERATIVA DI CAVALESE,[]
Corso Bettini,Rovereto,591,,54,38068,,DAMIATA MOTO,[]
Via Ragazzi del '99,Trento,592,attività artigianale,39,38123,,NEON TRENTO SCOTUZZI,[]
Via Maffei,Riva del Garda,593,,13,38066,,CASA DEL CAFFÈ,[]
Piazza di Sant'A. Abate,Vallelaghi,594,,5,38070,Vezzano,RISTORANTE PIZZERIA LILLÀ,"['RISTORANTE', 'PIZZERIA']"
,Folgaria,595,,32,38064,Francolini,BAR HOTEL SEGGIOVIA,"['BAR', 'HOTEL']"
Via Schirni,Folgaria,596,,13,38064,,PANIFICIO CANALIA,['PANIFICIO']
Via E. Colpi,Folgaria,597,,191,38064,,FOLGARIA FASHION SPORT,['SPORT']
Via A. Maffei,Folgaria,598,,134,38064,,BAR RISTORANTE HOTEL BIANCANEVE,"['BAR', 'RISTORANTE', 'HOTEL']"
Via Nazionale,Folgaria,600,,69,38064,,BAR RISTORANTE HOTEL ERICA,"['BAR', 'RISTORANTE', 'HOTEL']"
Via E. Colpi,Folgaria,601,,48,38064,,BAR RISTORANTE ANTICO ALBERGO STELLA D'ITALIA,"['BAR', 'RISTORANTE', 'ALBERGO']"
Via Manzoni,Folgaria,602,,63,38064,,BAR RISTORANTE ALBERGO TRENTINO,"['BAR', 'RISTORANTE', 'ALBERGO']"
Via E. Colpi,Folgaria,603,,10,38064,,CALZATURE FAIT,['CALZATURE']
Via E. Colpi,Folgaria,604,,179,38064,,FARMACIA GIRARDI,['FARMACIA']
Via Dante Alighieri,Folgaria,605,,12,38064,,BAR RISTORANTE PARK HOTEL MIRAMONTI,"['BAR', 'RISTORANTE', 'HOTEL']"
Via Lega Nazionale,Folgaria,606,,41,38064,,BAR RISTORANTE ALBERGO DUE SPADE,"['BAR', 'RISTORANTE', 'ALBERGO']"
Piazza S. Lorenzo,Folgaria,607,,11,38064,,MERCERIA RELLA,[]
Piazza Oveno,Trento,609,,1,38123,Sopramonte,SALUMERIA BELLI,[]
,Comano Terme,610,esercizio commerciale,58,38077,Ponte Arche,BONANI GIULIANA,[]
Via Calepina,Trento,611,,4,38122,,BAR FIORENTINA,['BAR']
Via Nazionale,Pellizzano,612,esercizio commerciale,35,38020,,AMBROSI SILVIO LUIGI,[]
Piazza San Vittore,Predaia,613,,19,38012,Taio,MACELLERIA MALENCH,['MACELLERIA']
Via S. Martino,Trento,614,,90,38122,,BAR DEI CAVAI,['BAR']
Piazza C. Battisti,Riva del Garda,615,,14,38066,,BRESCIANI SOUVENIR,[]
Via Mazzini,Riva del Garda,616,,13,38066,,PROFUMERIE BRESCIANI,[]
Strada de Moene,Moena,617,,31,38035,,BAR DELL'HOTEL RANCOLIN,"['BAR', 'HOTEL']"
Strada de la Comunità de Fiem,Moena,618,,34,38035,,MOBILIFICIO ARTIGIANI ASSOCIATI,[]
Piaz de Ramon,Moena,619,,27,38035,,BAR GABRY,['BAR']
Piaz de Ramon ,Moena,620,,41,38035,,BAR RAMON,['BAR']
Strenta de Ischiacia,Moena,621,,1,38035,,ENOTECA DEL PINTER,[]
Piaz de Ramon,Moena,622,,41,38035,,GIOIELLERIA CROCE,[]
Strada de Moene ,Moena,623,,67,38035,,BAR DELL'HOTEL ALLE ALPI,"['BAR', 'HOTEL']"
Piaz de Ramon,Moena,624,,45,38035,,LA BORA,[]
Strada de Fachin,Moena,625,,3,38035,,NONSOLOMODA,[]
Via Fiume,Riva del Garda,626,,29,38066,,PELLETTERIA GRAZIA S.A.S.,[]
Viale IV Novembre 35,Cembra Lisignago,627,,,38034,Cembra,MACELLERIA ZANOTELLI,['MACELLERIA']
Via Damiano Chiesa  6,Cembra Lisignago,628,,,38034,Cembra,PANIFICIO GAIGHER,['PANIFICIO']
Viale IV Novembre 35,Cembra Lisignago,629,,82,38034,Cembra,FERRAMENTA PIU',['FERRAMENTA']
Viale IV Novembre 35,Cembra Lisignago,630,,78,38034,Cembra,IDEA CASA,[]
Piazza San Rocco,Cembra Lisignago,631,,2,38034,Cembra,MACELLERIA PAOLAZZI,['MACELLERIA']
Piazza Marconi,Cembra Lisignago,632,,6,38034,Cembra,BAR VICO,['BAR']
Viale IV Novembre 17,Cembra Lisignago,633,,,38034,Cembra,BAR ROSALPINA,['BAR']
Piazza Municipio ,Caldonazzo,634,,2,38052,,ALBERGO RISTORANTE BAR DUE SPADE,"['BAR', 'RISTORANTE', 'ALBERGO']"
Via delle Villa,Caldonazzo,635,,37,38052,,ALBERGO RISTORANTE BAR ALLA TORRE,"['BAR', 'RISTORANTE', 'ALBERGO']"
Piazza Municipio,Caldonazzo,636,,14,38052,,CASALINGHI FERRAMENTA MURARA,['FERRAMENTA']
Via Brenta,Caldonazzo,637,,9,38052,,MOBILI CIOLA,[]
Via G. Marconi,Luserna,638,,1,38040,,BAR RISTORNATE ROSSI,['BAR']
Via Asilo,Primiero San Martino di Castrozza,639,,26,38054,Siror,MACELLERIA BONELLI,['MACELLERIA']
Via Larga,Primiero San Martino di Castrozza,640,,11,38054,Siror,PANIFICIO PASTICCERIA ZANETEL ARRIGO,['PANIFICIO']
Via Larga ,Primiero San Martino di Castrozza,641,,13,38054,Siror,BAR HOTEL SIROR,"['BAR', 'HOTEL']"
Via Passo Rolle,Primiero San Martino di Castrozza,642,,76,38054,San Martino di Castrozza,CAFFE' CENTRALE DI GIAN LUIGI SECCO E C.,[]
Via Passo Rolle,Primiero San Martino di Castrozza,643,,74,38054,San Martino di Castrozza,RISTORANTE ALBERGO CENTRALE,"['RISTORANTE', 'ALBERGO']"
Via Passo Rolle,Primiero San Martino di Castrozza,644,,185,38054,San Martino di Castrozza,BAZAR DELL'ALPE,['BAZAR']
Via Laghetto,Primiero San Martino di Castrozza,645,,4,38054,San Martino di Castrozza,BANCHER S.A.S. DI TISOT ADELIA E C.,[]
Via Strada Nuova ,Folgaria,646,,8,38064,,ALBERGO BAR RISTORANTE ROSALPINA DI CANALIA GABRIELE,"['BAR', 'RISTORANTE', 'ALBERGO']"
Via A. Maffei,Folgaria,647,,52,38064,Costa,ALBERGO BAR RISTORANTE SAYONARA DI RECH WILLIAM,"['BAR', 'RISTORANTE', 'ALBERGO']"
Via Cesare Battisti,Cembra Lisignago,648,,33/1,38034,Cembra,NIC S.A.S. DI NICOLODI MARTINO,[]
Piazza Marconi,Cembra Lisignago,649,,3,38034,Cembra,FAMIGLIA COOPERATIVA DI CEMBRA,[]
Piazza Marconi,Cembra Lisignago,650,,8,38034,Cembra,TABACCHINO DI FADANELLI MAURA,['TABACCHI']
Viale IV Novembre,Cembra Lisignago,651,,51,38034,Cembra,BAR PIZZERIA SAINT ROCK,"['BAR', 'PIZZERIA']"
Piazza San Giovanni,Fondo,652,,16,38013,,BAZAR COVI,['BAZAR']
Via IV Novembre,Fondo,653,,1,38013,,CALZATURE SCHNEIDER,['CALZATURE']
Via Battisti,Fondo,654,,25,38013,,EUROPAFERR FERRAMENTA DI ZINI MAURO GIOVANNI,['FERRAMENTA']
Via Battisti,Fondo,655,,10,38013,,BATTISTI CALZATURE DI BATTISTI ALBERTO,['CALZATURE']
Via Inama,Fondo,656,,2,38013,,ZANONI PREZIOSI ,[]
Via Lago Smeraldo,Fondo,657,,18,38013,,PIZZERIA-RISTORANTE AL FOLON,"['RISTORANTE', 'PIZZERIA']"
Via Milano ,Bieno,658,,10,38050,,BAR RISTORANTE TRENTO,"['BAR', 'RISTORANTE']"
Via Valserena ,Primiero San Martino di Castrozza,659,,36,38054,Siror,BIRRERIA VALSERENA,[]
Via S. Andrea,Primiero San Martino di Castrozza,660,,5,38054,Siror,BAR CAFFE' ERO,['BAR']
Via Passo Rolle,Primiero San Martino di Castrozza,661,,183,38054,San Martino di Castrozza,BAR MARGHERITA,['BAR']
Via Passo Rolle,Primiero San Martino di Castrozza,662,,133,38054,San Martino di Castrozza,ESTETICA PROFUMERIA TISOT,[]
Via Rivetta,Primiero San Martino di Castrozza,663,,23,38054,Siror,CALZATURE BANCHER SEVERINO,['CALZATURE']
Via Passo Rolle,Primiero San Martino di Castrozza,664,,2,38054,San Martino di Castrozza,RISTORANTE ALBERGO FRATAZZA,"['RISTORANTE', 'ALBERGO']"
Via S. Andrea,Primiero San Martino di Castrozza,665,,4,38054,San Martino di Castrozza,FAMIGLIA COOPERATIVA DI SIROR,[]
Via Avisio,Castello-Molina di Fiemme,666,,6,38030,,BAR ALLA TORRE,['BAR']
Via Latemar,Castello-Molina di Fiemme,667,,16,38030,,RISTORANTE ALBERGO LATEMAR S.N.C. DI BETTA MARISA E &.,"['RISTORANTE', 'ALBERGO']"
Via Bolzano,Castello-Molina di Fiemme,668,,22,38030,Molina di Fiemme,CAVADA DOLORES DI CAVADA UGO & C. S.N.C.,[]
,Castello-Molina di Fiemme,669,,19,38030,Stramentizzo Nuovo,BAR RISTORANTE PIZZERIA AL LAGO,"['BAR', 'RISTORANTE', 'PIZZERIA']"
Via Cadino,Castello-Molina di Fiemme,670,,2,38030,Molina di Fiemme,BAR RISTORANTE ALBERGO PINETA,"['BAR', 'RISTORANTE', 'ALBERGO']"
Via Marconi,Castello-Molina di Fiemme,671,,4,38030,Molina di Fiemme,RISTORANTE ALBERGO ANCORA DI ZANCANELLA PAOLO E LUCIA S.N.C.,"['RISTORANTE', 'ALBERGO']"
Via Marconi,Castello-Molina di Fiemme,672,,17,38030,Molina di Fiemme,PANIFICIO TARTER DI MARCO TARTER & C. S.N.C.,['PANIFICIO']
Via Marconi,Castello-Molina di Fiemme,673,,23,38030,Molina di Fiemme,FAMIGLIA COOPERATIVA DI CAVALESE - MOLINA DI FIEMME - PREDAIA,[]
Via Roma,Castello-Molina di Fiemme,674,,11,38030,,FAMIGLIA COOPERATIVA DI CAVALESE - CASTELLO DI FIEMME,[]
Piazza San Giovanni,Fondo,675,,37,38013,,CARTOLERIA GIOCATTOLI BERTOLDI,[]
Piazza San giovanni,Fondo,676,,15,38013,,LA BOTTEGA DI ZAMBIASI,[]
Via IV Novembre,Fondo,677,,70,38013,,LATTERIA SOCIALE DI FONDO,[]
Via Battisti,Fondo,678,,20,38013,,FAMIGLIA COOPERATIVA VAL DI NON,[]
Via del Foro,Tione di Trento,679,,16,38079,,CAFFE' VECCHIA TIONE,[]
Via Roma,Sanzeno,680,,9,38010,Casez,FAMIGLIA COOPERATIVA VAL DI NON S.C.A.R.L. - CASEZ,[]
Via Nazionale,Sanzeno,681,,28,38010,,FAMIGLIA COOPERATIVA VAL DI NON S.C.A.R.L. - SANZENO,[]
Via Mazzini,Sanzeno,682,,2,38010,Banco,FAMIGLIA COOPERATIVA VAL DI NON S.C.A.R.L. - BANCO,[]
Piazza Centrale,Sanzeno,683,,38/A,38010,,BAR ALLA FONTANA DI BALDO ONESTINGHEL OLGA & C.,['BAR']
Via Mazzini,Sanzeno,684,,3,38010,Banco,BAR MARINELLI,['BAR']
,Sanzeno,685,,48,38010,Banco,BAR DALPIAZ,['BAR']
Via Roma,Sanzeno,686,,48,38010,Casez,HOTEL CASEZ,['HOTEL']
Via S. Romedio ,Sanzeno,687,,18,38010,,RISTORANTE AL MULINO,['RISTORANTE']
Via Roma,Castello-Molina di Fiemme,688,,34,38030,,PANIFICIO ZORZI DI ZORZI EZIO & C. S.N.C.,['PANIFICIO']
Via Italia,Castello-Molina di Fiemme,689,,10,38030,Molina di Fiemme,BAR SPORT,"['BAR', 'SPORT']"
Piazza Dante,Fondo,690,,5,38013,,QUEN CONFEZIONI,[]
Via Restel de Fer,Riva del Garda,691,,10,38066,,RESTEL DE FER,[]
Via Giovanelli A.,Carano,692,,43,38033,,DELVAI MARKET S.N.C. DI DELVAI NICOLETTA E CARESIA DIEGO,[]
Via Calepina,Trento,693,,40,38122,,TUTTO LUCE SAS,[]
Via S. Croce,Trento,694,,48,38122,,BAR TRE PORTONI,['BAR']
Via Roma,Ospedaletto,695,,22,38050,,BAR ROMA,['BAR']
Corso Tre Novembre,Trento,696,,44,38122,,FIORERIA STELLA,[]
Via Fiume,Riva del Garda,697,esercizio commerciale,55,38066,,CONTINI,[]
Via Battisti,Pergine Valsugana,698,,8,38057,,A. CRIVELLARI – COSE DI CASA,[]
Piazza Spiaz de le Oche,Pergine Valsugana,699,esercizio commerciale,33,38057,,FRISANCO,[]
Via Maturi,Pinzolo,700,,1,38086,,ALIMENTARI CAOLA,['ALIMENTARI']
Via Lampi ,Cles,701,esercizio commerciale/attività artigianale,9,38023,,LA BOTTEGA DEL MOLETA,[]
Piazza Navarrino,Cles,702, ,7,38023,,ALBERGO RISTORANTE CLES – OSTERIA PALAZAN,"['RISTORANTE', 'ALBERGO']"
Piazza Granda,Cles,703,,5,38023,,CAFF'E EUROPA,[]
Via Pilati,Cles,704,,13,38023,,FARMACIA DE MAFFEI ,['FARMACIA']
Piazza Granda,Cles,705,,43,38023,,CAFFÈ BERTOLASI,[]
Piazza Granda,Cles,706,,3,38023,,VISINTAINER CARTOLIBRERIA,[]
Piazza Pez,Cles,707,,1,38023,,ROSANI ALIMENTARI,['ALIMENTARI']
Via Marconi,Cles,708,,38-44,38023,,SEGHERIA LONGO,[]
Via Diaz,Cles,709,,6/A,38023,,ALIMENTARI PAOLI S.N.C.,['ALIMENTARI']
Via Lampi ,Cles,710,,26,38023,,MACELLERIA AGOSTINI LUIGI,['MACELLERIA']
Via Pilati,Cles,711,esercizio commerciale,9,38023,,MENAPACE IVO,[]
Piazza Granda,Cles,712,esercizio commerciale,40,38023,,VALENTINOTTI FRANCESCO,[]
Piazza Municipio ,Cles,713,esercizio commerciale,6,38023,,ANGELI FLAVIO,[]
Piazza Granda,Cles,714,,23,38023,,OREFICERIA A. CORRADINI,[]
Piazza Municipio,Cles,715,esercizio commerciale,4,38023,,ANGELI NICOLA,[]
Piazza Municipio ,Cles,716,,7,38023,,PREZIOSI STELLA,[]
Via Lampi ,Cles,717,,2,38023,,PESCHERIA GOIO,[]
Piazza Granda,Cles,718,,30,38023,,COLORIFICIO PIZ,[]
Via Battisti,Sarnonico,719,esercizio commerciale,51,38011,,ABRAM VITTORIO E C. SNC,[]
Via IV Novembre,Sarnonico,720,,2,38011,,BAZAR GIORNALI DI CATTARINI VINCENZO,['BAZAR']
Via Trento,Cavedine,721,,14,38073,Stravino,CALZATURE DALLAPÈ,['CALZATURE']
Via Santa Lucia,Ledro,722,esercizio di somministrazione di alimenti e bevande,36,38067,Bezzecca,BAITA SANTA LUCIA,[]
Via dei Laghi,Tenno,723,esercizio di somministrazione di alimenti e bevande,1,38060,,ANTICA CROCE,[]
Via Postal,S. Michele all’Adige,724,esercizio commerciale,29,38010,Grumo,MOBILI ZENI LINO S.R.L.,[]
Via Tonale,S. Michele all’Adige,725,,23,38010,Grumo,HOTEL CANTALEONE,['HOTEL']
Via Brennero,S. Michele all’Adige,726,,32,38010,,BAR AL TURISTA,['BAR']
,Canazei,727,,17,38032,Penia / Fedaia,BAR DIGA,['BAR']
,Ala,728,pubblico esercizio – somministrazione di alimenti e bevande – pizzeria,,38061,Sega,ALBERGO MONTILESSINI,"['ALBERGO', 'PIZZERIA']"
Piazza G. Cantore,Ala,729,,1,38061,,BAR EUGENIA,['BAR']
Piazzetta Cantore,Ala,730,,5,38061,,BAR TABACCHI DI BONGIOVANNI MAURO,"['BAR', 'TABACCHI']"
Via 27 Maggio,Ala,731,,,38061,,MACELLERIA DEBIASI SERGIO,['MACELLERIA']
Piazza Buonacquisto,Ala,732,pubblico esercizio – somministrazione di alimenti e bevande – bar/trattoria,4,38061,,VECCHIO CARNERA,['BAR']
Via Cesare Battisti,Comano Terme,733,,19,38077,,OREFICERIA CATTONI DI CATTONI CLAUDIO,[]
Via Cesare Battisti,Comano Terme,734,,17,38077,,CATTONI ELETTRONICA DI CATTONO ROBERTO,[]
,Rabbi,735,ristorante – bar,55,38020,San Bernardo,HOTEL MIRAMONTI,"['BAR', 'RISTORANTE', 'HOTEL']"
Piazza SS. Filippo e Giacomo,Predazzo,736,esercizio commerciale,4,38037,,LE LUZIE,[]
Piazza Catena,Riva del Garda,737,esercizio commerciale,21,38066,,MARCHETTI,[]
Via 24 Maggio,Trento,738,esercizio commerciale,9,38122,Trento,INDAL,[]
Via dei Bagni di Fieno,Garniga Terme,739,esercizio commerciale,17,38060,,ZANLUCCHI SOFIA & C. S.A.S.,[]
Stradon de Fascia ,Soraga di Fassa,740,ristorante - bar,2,38030,,RISTORANTE BAR JA VITO DI VENDER KATIA E C. S.N.C.,"['BAR', 'RISTORANTE']"
Via Cesare Battisti,Tesero,741,parrucchiera (impresa artigiana con vendita di prodotti),6/A,38038,,SALONE FUORI DI TESTA DI POZZA NADIA,[]
Via Bolghera,Trento,742,"esercizio commerciale/attività artigianale (pasticceria, gelateria)",34,38122,,FILIPPI E GARDUMI S.N.C. DI GARDUMI RENZO & C.,[]
Via Mazzini,Comano Terme,743,pubblico esercizio – somministrazione di alimenti e bevande – locanda,22,38077,Poia,ALBERGO LOCANDA FIORE DI SALIZZONI SILVIO E RITA S.N.C.,['ALBERGO']
